{
  "$schema": "http://json-schema.org/schema",
  "cli": "nx",
  "id": "LitWc",
  "title": "",
  "type": "object",
  "properties": {
    "name": {
      "type": "string",
      "description": "",
      "$default": {
        "$source": "argv",
        "index": 0
      },
      "x-prompt": "What is the name of the web component?(use:Kebab Case Ex. my-component)"
    },
    "tags": {
      "type": "string",
      "description": "Add tags to the library (used for linting)",
      "alias": "t"
    },
    "linter": {
      "description": "The tool to use for running lint checks.",
      "type": "string",
      "enum": ["eslint", "tslint"],
      "default": "eslint"
    },
    "directory": {
      "type": "string",
      "description": "A directory where the library is placed",
      "alias": "d"
    }
  },
  "required": [
    "name"
  ]
}